"Vestibulum quam sapien, varius ut, blandit non, interdum in, ante."
Aenean sit amet justo.
Integer ac leo.
Integer ac neque.
Phasellus id sapien in sapien iaculis congue.
Aliquam erat volutpat.
Pellentesque at nulla.
Nunc purus.
Sed ante.
"Duis bibendum, felis sed interdum venenatis, turpis enim blandit mi, in porttitor pede justo eu massa."
Aliquam non mauris.
Duis ac nibh.
Mauris ullamcorper purus sit amet nulla.
Vestibulum ante ipsum primis in faucibus orci luctus et ultrices posuere cubilia Curae; Duis faucibus accumsan odio.
Cras in purus eu magna vulputate luctus.
Donec ut dolor.
Donec quis orci eget orci vehicula condimentum.
In hac habitasse platea dictumst.
Nunc purus.
Quisque id justo sit amet sapien dignissim vestibulum.
In congue.
Etiam vel augue.
Nunc purus.
Praesent blandit.
Etiam vel augue.
Donec vitae nisi.
"Lorem ipsum dolor sit amet, consectetuer adipiscing elit."
Morbi porttitor lorem id ligula.
"Fusce congue, diam id ornare imperdiet, sapien urna pretium nisl, ut volutpat sapien arcu sed augue."
Proin at turpis a pede posuere nonummy.
"Donec odio justo, sollicitudin ut, suscipit a, feugiat et, eros."
In hac habitasse platea dictumst.
Donec posuere metus vitae ipsum.
"Nulla neque libero, convallis eget, eleifend luctus, ultricies eu, nibh."
"Maecenas tristique, est et tempus semper, est quam pharetra magna, ac consequat metus sapien ut nunc."
Quisque ut erat.
In hac habitasse platea dictumst.
"Integer pede justo, lacinia eget, tincidunt eget, tempus vel, pede."
In sagittis dui vel nisl.
Praesent lectus.
Proin risus.
Nullam molestie nibh in lectus.
"Vestibulum ante ipsum primis in faucibus orci luctus et ultrices posuere cubilia Curae; Donec pharetra, magna vestibulum aliquet ultrices, erat tortor sollicitudin mi, sit amet lobortis sapien sapien non mi."
Cras pellentesque volutpat dui.
Nulla nisl.
"Maecenas leo odio, condimentum id, luctus nec, molestie sed, justo."
Phasellus sit amet erat.
Integer ac neque.
Suspendisse potenti.
Pellentesque viverra pede ac diam.
In quis justo.
In hac habitasse platea dictumst.
Suspendisse accumsan tortor quis turpis.
Pellentesque ultrices mattis odio.
"Integer pede justo, lacinia eget, tincidunt eget, tempus vel, pede."
Suspendisse potenti.
"Cum sociis natoque penatibus et magnis dis parturient montes, nascetur ridiculus mus."
"Morbi odio odio, elementum eu, interdum eu, tincidunt in, leo."
Fusce posuere felis sed lacus.
Maecenas ut massa quis augue luctus tincidunt.
Mauris ullamcorper purus sit amet nulla.
"Nam congue, risus semper porta volutpat, quam pede lobortis ligula, sit amet eleifend pede libero quis orci."
"Integer aliquet, massa id lobortis convallis, tortor risus dapibus augue, vel accumsan tellus nisi eu orci."
Integer tincidunt ante vel ipsum.
Suspendisse potenti.
Mauris sit amet eros.
Fusce posuere felis sed lacus.
Vestibulum ante ipsum primis in faucibus orci luctus et ultrices posuere cubilia Curae; Nulla dapibus dolor vel est.
Duis bibendum.
Nullam molestie nibh in lectus.
Integer ac neque.
Nullam sit amet turpis elementum ligula vehicula consequat.
Sed accumsan felis.
Donec quis orci eget orci vehicula condimentum.
In eleifend quam a odio.
Suspendisse potenti.
"Cum sociis natoque penatibus et magnis dis parturient montes, nascetur ridiculus mus."
"In tempor, turpis nec euismod scelerisque, quam turpis adipiscing lorem, vitae mattis nibh ligula nec sem."
Etiam faucibus cursus urna.
Duis at velit eu est congue elementum.
Donec posuere metus vitae ipsum.
"Vivamus metus arcu, adipiscing molestie, hendrerit at, vulputate vitae, nisl."
Nulla tempus.
Duis at velit eu est congue elementum.
In eleifend quam a odio.
Integer tincidunt ante vel ipsum.
Duis bibendum.
Quisque ut erat.
Etiam vel augue.
Nam nulla.
Ut tellus.
"Vestibulum quam sapien, varius ut, blandit non, interdum in, ante."
"Lorem ipsum dolor sit amet, consectetuer adipiscing elit."
Aliquam erat volutpat.
Ut at dolor quis odio consequat varius.
Phasellus in felis.
Aliquam sit amet diam in magna bibendum imperdiet.
Proin eu mi.
In hac habitasse platea dictumst.
Etiam faucibus cursus urna.
Donec quis orci eget orci vehicula condimentum.
Integer ac leo.
Duis ac nibh.
Donec quis orci eget orci vehicula condimentum.
Etiam vel augue.
"Aliquam augue quam, sollicitudin vitae, consectetuer eget, rutrum at, lorem."
Aenean auctor gravida sem.
"Nam congue, risus semper porta volutpat, quam pede lobortis ligula, sit amet eleifend pede libero quis orci."
Nunc purus.
Nulla tempus.
"Vestibulum ante ipsum primis in faucibus orci luctus et ultrices posuere cubilia Curae; Donec pharetra, magna vestibulum aliquet ultrices, erat tortor sollicitudin mi, sit amet lobortis sapien sapien non mi."
In congue.
"Fusce congue, diam id ornare imperdiet, sapien urna pretium nisl, ut volutpat sapien arcu sed augue."
Suspendisse accumsan tortor quis turpis.
Maecenas rhoncus aliquam lacus.
In blandit ultrices enim.
Proin interdum mauris non ligula pellentesque ultrices.
Pellentesque ultrices mattis odio.
Duis at velit eu est congue elementum.
Vestibulum ac est lacinia nisi venenatis tristique.
"Duis bibendum, felis sed interdum venenatis, turpis enim blandit mi, in porttitor pede justo eu massa."
Proin at turpis a pede posuere nonummy.
Maecenas tincidunt lacus at velit.
Aliquam erat volutpat.
"Maecenas tristique, est et tempus semper, est quam pharetra magna, ac consequat metus sapien ut nunc."
In hac habitasse platea dictumst.
Duis mattis egestas metus.
Maecenas pulvinar lobortis est.
Aenean lectus.
In hac habitasse platea dictumst.
"Nullam orci pede, venenatis non, sodales sed, tincidunt eu, felis."
Nullam varius.
Morbi a ipsum.
Etiam justo.
Nam dui.
Etiam justo.
Vestibulum sed magna at nunc commodo placerat.
Phasellus id sapien in sapien iaculis congue.
Proin at turpis a pede posuere nonummy.
Mauris lacinia sapien quis libero.
"Vestibulum quam sapien, varius ut, blandit non, interdum in, ante."
Nullam sit amet turpis elementum ligula vehicula consequat.
Cras non velit nec nisi vulputate nonummy.
In hac habitasse platea dictumst.
"Vivamus metus arcu, adipiscing molestie, hendrerit at, vulputate vitae, nisl."
"Integer pede justo, lacinia eget, tincidunt eget, tempus vel, pede."
Cras in purus eu magna vulputate luctus.
Duis bibendum.
Morbi a ipsum.
Morbi a ipsum.
Donec ut dolor.
Donec semper sapien a libero.
Suspendisse potenti.
Nullam varius.
Praesent id massa id nisl venenatis lacinia.
"Duis bibendum, felis sed interdum venenatis, turpis enim blandit mi, in porttitor pede justo eu massa."
Nulla ac enim.
"Mauris enim leo, rhoncus sed, vestibulum sit amet, cursus id, turpis."
Nulla ut erat id mauris vulputate elementum.
Vivamus tortor.
Suspendisse potenti.
In sagittis dui vel nisl.
"Lorem ipsum dolor sit amet, consectetuer adipiscing elit."
"Lorem ipsum dolor sit amet, consectetuer adipiscing elit."
Donec ut mauris eget massa tempor convallis.
"Maecenas tristique, est et tempus semper, est quam pharetra magna, ac consequat metus sapien ut nunc."
"Vestibulum ante ipsum primis in faucibus orci luctus et ultrices posuere cubilia Curae; Donec pharetra, magna vestibulum aliquet ultrices, erat tortor sollicitudin mi, sit amet lobortis sapien sapien non mi."
Morbi a ipsum.
Duis consequat dui nec nisi volutpat eleifend.
Donec quis orci eget orci vehicula condimentum.
Praesent blandit.
Mauris lacinia sapien quis libero.
Donec vitae nisi.
Ut at dolor quis odio consequat varius.
Mauris lacinia sapien quis libero.
Donec quis orci eget orci vehicula condimentum.
In hac habitasse platea dictumst.
Donec ut dolor.
"Nam ultrices, libero non mattis pulvinar, nulla pede ullamcorper augue, a suscipit nulla elit ac nulla."
Suspendisse potenti.
Nulla justo.
Sed sagittis.
Sed accumsan felis.
Cras pellentesque volutpat dui.
Sed vel enim sit amet nunc viverra dapibus.
Nulla tellus.
Cras in purus eu magna vulputate luctus.
Donec quis orci eget orci vehicula condimentum.
Donec dapibus.
Nulla facilisi.
In quis justo.
"Lorem ipsum dolor sit amet, consectetuer adipiscing elit."
Curabitur convallis.
"Fusce congue, diam id ornare imperdiet, sapien urna pretium nisl, ut volutpat sapien arcu sed augue."
Vivamus tortor.
Morbi a ipsum.
Aenean auctor gravida sem.
Vestibulum ac est lacinia nisi venenatis tristique.
Donec quis orci eget orci vehicula condimentum.
Integer a nibh.
Proin eu mi.
Pellentesque eget nunc.
Duis ac nibh.
"Integer aliquet, massa id lobortis convallis, tortor risus dapibus augue, vel accumsan tellus nisi eu orci."
Aliquam non mauris.
Pellentesque eget nunc.
Curabitur in libero ut massa volutpat convallis.
Proin risus.
Morbi non quam nec dui luctus rutrum.
Fusce posuere felis sed lacus.
"Maecenas tristique, est et tempus semper, est quam pharetra magna, ac consequat metus sapien ut nunc."
Morbi a ipsum.
Praesent blandit lacinia erat.
Etiam vel augue.
Vestibulum rutrum rutrum neque.
Duis aliquam convallis nunc.
Aenean sit amet justo.
Donec semper sapien a libero.
"Morbi vestibulum, velit id pretium iaculis, diam erat fermentum justo, nec condimentum neque sapien placerat ante."
Phasellus sit amet erat.
Vestibulum rutrum rutrum neque.
Duis mattis egestas metus.
"In est risus, auctor sed, tristique in, tempus sit amet, sem."
Aenean sit amet justo.
Donec ut mauris eget massa tempor convallis.
Aliquam non mauris.
Maecenas tincidunt lacus at velit.
Vestibulum ac est lacinia nisi venenatis tristique.
"Cum sociis natoque penatibus et magnis dis parturient montes, nascetur ridiculus mus."
"Quisque arcu libero, rutrum ac, lobortis vel, dapibus at, diam."
Vestibulum ante ipsum primis in faucibus orci luctus et ultrices posuere cubilia Curae; Mauris viverra diam vitae quam.
Duis at velit eu est congue elementum.
Aenean auctor gravida sem.
Morbi non quam nec dui luctus rutrum.
In sagittis dui vel nisl.
"Lorem ipsum dolor sit amet, consectetuer adipiscing elit."
Integer non velit.
"Vestibulum ante ipsum primis in faucibus orci luctus et ultrices posuere cubilia Curae; Donec pharetra, magna vestibulum aliquet ultrices, erat tortor sollicitudin mi, sit amet lobortis sapien sapien non mi."
In sagittis dui vel nisl.
Suspendisse potenti.
Morbi non quam nec dui luctus rutrum.
Vivamus vestibulum sagittis sapien.
Sed vel enim sit amet nunc viverra dapibus.
Mauris ullamcorper purus sit amet nulla.
Maecenas tincidunt lacus at velit.
Nam tristique tortor eu pede.
Fusce consequat.
Nulla facilisi.
"Mauris enim leo, rhoncus sed, vestibulum sit amet, cursus id, turpis."
Etiam faucibus cursus urna.
Duis bibendum.
In blandit ultrices enim.
Curabitur convallis.
Morbi vel lectus in quam fringilla rhoncus.
Curabitur in libero ut massa volutpat convallis.
Nulla facilisi.
Nam dui.
"Vestibulum quam sapien, varius ut, blandit non, interdum in, ante."
Quisque porta volutpat erat.
Nunc nisl.
"Nulla neque libero, convallis eget, eleifend luctus, ultricies eu, nibh."
Nunc purus.
Nam dui.
Cras non velit nec nisi vulputate nonummy.
Aliquam erat volutpat.
Morbi non lectus.
"Fusce congue, diam id ornare imperdiet, sapien urna pretium nisl, ut volutpat sapien arcu sed augue."
"Vestibulum quam sapien, varius ut, blandit non, interdum in, ante."
Vivamus in felis eu sapien cursus vestibulum.
Aenean auctor gravida sem.
"Lorem ipsum dolor sit amet, consectetuer adipiscing elit."
Pellentesque viverra pede ac diam.
Cras in purus eu magna vulputate luctus.
Quisque porta volutpat erat.
Vestibulum ante ipsum primis in faucibus orci luctus et ultrices posuere cubilia Curae; Mauris viverra diam vitae quam.
Nam nulla.
Quisque id justo sit amet sapien dignissim vestibulum.
Curabitur at ipsum ac tellus semper interdum.
Nullam sit amet turpis elementum ligula vehicula consequat.
"Lorem ipsum dolor sit amet, consectetuer adipiscing elit."
Sed ante.
Nam dui.
Pellentesque ultrices mattis odio.
"Integer pede justo, lacinia eget, tincidunt eget, tempus vel, pede."
Vivamus tortor.
"Cum sociis natoque penatibus et magnis dis parturient montes, nascetur ridiculus mus."
Sed ante.
Etiam pretium iaculis justo.
Phasellus id sapien in sapien iaculis congue.
"Nam ultrices, libero non mattis pulvinar, nulla pede ullamcorper augue, a suscipit nulla elit ac nulla."
Morbi porttitor lorem id ligula.
Morbi porttitor lorem id ligula.
"Nam congue, risus semper porta volutpat, quam pede lobortis ligula, sit amet eleifend pede libero quis orci."
In blandit ultrices enim.
"Duis bibendum, felis sed interdum venenatis, turpis enim blandit mi, in porttitor pede justo eu massa."
In hac habitasse platea dictumst.
"Vestibulum ante ipsum primis in faucibus orci luctus et ultrices posuere cubilia Curae; Donec pharetra, magna vestibulum aliquet ultrices, erat tortor sollicitudin mi, sit amet lobortis sapien sapien non mi."
"Morbi odio odio, elementum eu, interdum eu, tincidunt in, leo."
Morbi non lectus.
Cras pellentesque volutpat dui.
Vestibulum ante ipsum primis in faucibus orci luctus et ultrices posuere cubilia Curae; Duis faucibus accumsan odio.
In hac habitasse platea dictumst.
Duis bibendum.
Morbi non quam nec dui luctus rutrum.
Nulla facilisi.
"In est risus, auctor sed, tristique in, tempus sit amet, sem."
"In est risus, auctor sed, tristique in, tempus sit amet, sem."
Nullam molestie nibh in lectus.
Nullam sit amet turpis elementum ligula vehicula consequat.
In hac habitasse platea dictumst.
Morbi non quam nec dui luctus rutrum.
"Integer pede justo, lacinia eget, tincidunt eget, tempus vel, pede."
Proin risus.
Mauris lacinia sapien quis libero.
Sed accumsan felis.
Maecenas pulvinar lobortis est.
Nullam sit amet turpis elementum ligula vehicula consequat.
"Duis bibendum, felis sed interdum venenatis, turpis enim blandit mi, in porttitor pede justo eu massa."
In blandit ultrices enim.
Duis consequat dui nec nisi volutpat eleifend.
Mauris lacinia sapien quis libero.
Vestibulum sed magna at nunc commodo placerat.
In quis justo.
Aliquam erat volutpat.
Vestibulum rutrum rutrum neque.
Nulla facilisi.
In eleifend quam a odio.
"Maecenas tristique, est et tempus semper, est quam pharetra magna, ac consequat metus sapien ut nunc."
Maecenas ut massa quis augue luctus tincidunt.
Proin at turpis a pede posuere nonummy.
Mauris lacinia sapien quis libero.
Integer tincidunt ante vel ipsum.
"Donec diam neque, vestibulum eget, vulputate ut, ultrices vel, augue."
"Nullam orci pede, venenatis non, sodales sed, tincidunt eu, felis."
Aliquam non mauris.
Maecenas rhoncus aliquam lacus.
Pellentesque ultrices mattis odio.
Morbi quis tortor id nulla ultrices aliquet.
Cras non velit nec nisi vulputate nonummy.
Fusce consequat.
"Quisque erat eros, viverra eget, congue eget, semper rutrum, nulla."
Phasellus in felis.
Fusce consequat.
Donec dapibus.
"Cum sociis natoque penatibus et magnis dis parturient montes, nascetur ridiculus mus."
"Morbi odio odio, elementum eu, interdum eu, tincidunt in, leo."
"In est risus, auctor sed, tristique in, tempus sit amet, sem."
Maecenas pulvinar lobortis est.
In hac habitasse platea dictumst.
"Cum sociis natoque penatibus et magnis dis parturient montes, nascetur ridiculus mus."
Aenean auctor gravida sem.
Donec posuere metus vitae ipsum.
Donec posuere metus vitae ipsum.
Nullam sit amet turpis elementum ligula vehicula consequat.
"Morbi vestibulum, velit id pretium iaculis, diam erat fermentum justo, nec condimentum neque sapien placerat ante."
"Vestibulum quam sapien, varius ut, blandit non, interdum in, ante."
Duis ac nibh.
Vivamus tortor.
Mauris sit amet eros.
Suspendisse potenti.
Duis mattis egestas metus.
Morbi ut odio.
Nulla nisl.
"Morbi vestibulum, velit id pretium iaculis, diam erat fermentum justo, nec condimentum neque sapien placerat ante."
"Fusce lacus purus, aliquet at, feugiat non, pretium quis, lectus."
Proin risus.
"Proin leo odio, porttitor id, consequat in, consequat ut, nulla."
"Vestibulum ante ipsum primis in faucibus orci luctus et ultrices posuere cubilia Curae; Donec pharetra, magna vestibulum aliquet ultrices, erat tortor sollicitudin mi, sit amet lobortis sapien sapien non mi."
Nam tristique tortor eu pede.
"Lorem ipsum dolor sit amet, consectetuer adipiscing elit."
Aenean auctor gravida sem.
Vivamus vestibulum sagittis sapien.
Aenean auctor gravida sem.
Mauris ullamcorper purus sit amet nulla.
Vivamus vestibulum sagittis sapien.
Sed sagittis.
Ut tellus.
Duis at velit eu est congue elementum.
Duis consequat dui nec nisi volutpat eleifend.
Vestibulum ante ipsum primis in faucibus orci luctus et ultrices posuere cubilia Curae; Mauris viverra diam vitae quam.
Nulla justo.
Integer non velit.
"Vestibulum quam sapien, varius ut, blandit non, interdum in, ante."
"Fusce congue, diam id ornare imperdiet, sapien urna pretium nisl, ut volutpat sapien arcu sed augue."
"Maecenas leo odio, condimentum id, luctus nec, molestie sed, justo."
"Integer pede justo, lacinia eget, tincidunt eget, tempus vel, pede."
Pellentesque ultrices mattis odio.
Vestibulum rutrum rutrum neque.
"In est risus, auctor sed, tristique in, tempus sit amet, sem."
Donec semper sapien a libero.
In quis justo.
Morbi quis tortor id nulla ultrices aliquet.
Aliquam erat volutpat.
"Quisque arcu libero, rutrum ac, lobortis vel, dapibus at, diam."
In blandit ultrices enim.
Curabitur in libero ut massa volutpat convallis.
Integer ac leo.
Aenean lectus.
"Integer aliquet, massa id lobortis convallis, tortor risus dapibus augue, vel accumsan tellus nisi eu orci."
Phasellus sit amet erat.
"Fusce congue, diam id ornare imperdiet, sapien urna pretium nisl, ut volutpat sapien arcu sed augue."
Nulla suscipit ligula in lacus.
Cras in purus eu magna vulputate luctus.
Morbi ut odio.
Donec ut mauris eget massa tempor convallis.
Nullam sit amet turpis elementum ligula vehicula consequat.
Curabitur convallis.
In sagittis dui vel nisl.
Suspendisse accumsan tortor quis turpis.
Aliquam sit amet diam in magna bibendum imperdiet.
Aliquam quis turpis eget elit sodales scelerisque.
Vivamus tortor.
In hac habitasse platea dictumst.
Ut at dolor quis odio consequat varius.
Fusce consequat.
Duis bibendum.
In hac habitasse platea dictumst.
"Vivamus metus arcu, adipiscing molestie, hendrerit at, vulputate vitae, nisl."
Maecenas pulvinar lobortis est.
Nunc purus.
In congue.
"Mauris enim leo, rhoncus sed, vestibulum sit amet, cursus id, turpis."
In hac habitasse platea dictumst.
Mauris ullamcorper purus sit amet nulla.
In congue.
Aliquam quis turpis eget elit sodales scelerisque.
Vivamus tortor.
Phasellus id sapien in sapien iaculis congue.
Integer tincidunt ante vel ipsum.
Nullam porttitor lacus at turpis.
Nulla justo.
Vestibulum ante ipsum primis in faucibus orci luctus et ultrices posuere cubilia Curae; Duis faucibus accumsan odio.
Morbi non quam nec dui luctus rutrum.
Ut at dolor quis odio consequat varius.
Nullam sit amet turpis elementum ligula vehicula consequat.
Nunc rhoncus dui vel sem.
Nulla facilisi.
Morbi quis tortor id nulla ultrices aliquet.
Vestibulum ante ipsum primis in faucibus orci luctus et ultrices posuere cubilia Curae; Duis faucibus accumsan odio.
"Mauris enim leo, rhoncus sed, vestibulum sit amet, cursus id, turpis."
Phasellus in felis.
Duis mattis egestas metus.
Vestibulum ac est lacinia nisi venenatis tristique.
Morbi quis tortor id nulla ultrices aliquet.
Curabitur gravida nisi at nibh.
Nullam porttitor lacus at turpis.
"Maecenas leo odio, condimentum id, luctus nec, molestie sed, justo."
Pellentesque viverra pede ac diam.
"In est risus, auctor sed, tristique in, tempus sit amet, sem."
"Cum sociis natoque penatibus et magnis dis parturient montes, nascetur ridiculus mus."
Proin interdum mauris non ligula pellentesque ultrices.
In eleifend quam a odio.
Vivamus in felis eu sapien cursus vestibulum.
Sed accumsan felis.
"Quisque erat eros, viverra eget, congue eget, semper rutrum, nulla."
Etiam justo.
In quis justo.
Donec semper sapien a libero.
Aliquam quis turpis eget elit sodales scelerisque.
Etiam vel augue.
Vivamus tortor.
In eleifend quam a odio.
Suspendisse accumsan tortor quis turpis.
Suspendisse ornare consequat lectus.
"Vivamus metus arcu, adipiscing molestie, hendrerit at, vulputate vitae, nisl."
"Vestibulum quam sapien, varius ut, blandit non, interdum in, ante."
Aliquam quis turpis eget elit sodales scelerisque.
Nunc rhoncus dui vel sem.
Vestibulum sed magna at nunc commodo placerat.
Nam nulla.
Pellentesque viverra pede ac diam.
Proin at turpis a pede posuere nonummy.
Morbi ut odio.
Mauris sit amet eros.
Phasellus sit amet erat.
"Vestibulum quam sapien, varius ut, blandit non, interdum in, ante."
Curabitur convallis.
Cras non velit nec nisi vulputate nonummy.
Nulla facilisi.
Quisque id justo sit amet sapien dignissim vestibulum.
"Quisque erat eros, viverra eget, congue eget, semper rutrum, nulla."
In hac habitasse platea dictumst.
Nunc nisl.
Nullam molestie nibh in lectus.
"Fusce congue, diam id ornare imperdiet, sapien urna pretium nisl, ut volutpat sapien arcu sed augue."
"Vestibulum quam sapien, varius ut, blandit non, interdum in, ante."
Nulla ut erat id mauris vulputate elementum.
Phasellus id sapien in sapien iaculis congue.
Vestibulum ante ipsum primis in faucibus orci luctus et ultrices posuere cubilia Curae; Nulla dapibus dolor vel est.
Nunc nisl.
Quisque porta volutpat erat.
Nam nulla.
Aenean auctor gravida sem.
"Morbi odio odio, elementum eu, interdum eu, tincidunt in, leo."
Duis at velit eu est congue elementum.
Morbi vel lectus in quam fringilla rhoncus.
In quis justo.
Nam tristique tortor eu pede.
Nam dui.
Morbi porttitor lorem id ligula.
Duis aliquam convallis nunc.
Integer ac neque.
Donec ut dolor.
"Mauris enim leo, rhoncus sed, vestibulum sit amet, cursus id, turpis."
Vivamus vel nulla eget eros elementum pellentesque.
Vestibulum ante ipsum primis in faucibus orci luctus et ultrices posuere cubilia Curae; Nulla dapibus dolor vel est.
Nulla justo.
In hac habitasse platea dictumst.
Pellentesque ultrices mattis odio.
Duis ac nibh.
"In tempor, turpis nec euismod scelerisque, quam turpis adipiscing lorem, vitae mattis nibh ligula nec sem."
Donec ut dolor.
"Mauris enim leo, rhoncus sed, vestibulum sit amet, cursus id, turpis."
"Nulla neque libero, convallis eget, eleifend luctus, ultricies eu, nibh."
In hac habitasse platea dictumst.
Nam tristique tortor eu pede.
"Donec diam neque, vestibulum eget, vulputate ut, ultrices vel, augue."
Quisque porta volutpat erat.
Maecenas rhoncus aliquam lacus.
Nulla ut erat id mauris vulputate elementum.
Etiam justo.
Duis mattis egestas metus.
Praesent lectus.
Maecenas rhoncus aliquam lacus.
Pellentesque viverra pede ac diam.
Aliquam non mauris.
Maecenas rhoncus aliquam lacus.
Fusce consequat.
Morbi porttitor lorem id ligula.
Vestibulum ante ipsum primis in faucibus orci luctus et ultrices posuere cubilia Curae; Nulla dapibus dolor vel est.
Praesent lectus.
In hac habitasse platea dictumst.
Duis aliquam convallis nunc.
Curabitur gravida nisi at nibh.
"Cum sociis natoque penatibus et magnis dis parturient montes, nascetur ridiculus mus."
"Cum sociis natoque penatibus et magnis dis parturient montes, nascetur ridiculus mus."
Nullam varius.
Fusce consequat.
Etiam pretium iaculis justo.
"Morbi odio odio, elementum eu, interdum eu, tincidunt in, leo."
Etiam justo.
Pellentesque at nulla.
"Fusce lacus purus, aliquet at, feugiat non, pretium quis, lectus."
Suspendisse potenti.
Nunc purus.
Duis mattis egestas metus.
Cras pellentesque volutpat dui.
Donec ut mauris eget massa tempor convallis.
Nullam varius.
Duis ac nibh.
Vestibulum rutrum rutrum neque.
Aenean lectus.
Nullam porttitor lacus at turpis.
Nam nulla.
Aliquam sit amet diam in magna bibendum imperdiet.
"Cum sociis natoque penatibus et magnis dis parturient montes, nascetur ridiculus mus."
Sed vel enim sit amet nunc viverra dapibus.
In hac habitasse platea dictumst.
Morbi non quam nec dui luctus rutrum.
In blandit ultrices enim.
Integer ac leo.
Phasellus id sapien in sapien iaculis congue.
"Nullam orci pede, venenatis non, sodales sed, tincidunt eu, felis."
Proin risus.
Duis consequat dui nec nisi volutpat eleifend.
Vivamus tortor.
Donec posuere metus vitae ipsum.
"Cras mi pede, malesuada in, imperdiet et, commodo vulputate, justo."
Donec quis orci eget orci vehicula condimentum.
Phasellus id sapien in sapien iaculis congue.
Duis mattis egestas metus.
Etiam justo.
Pellentesque ultrices mattis odio.
"Proin leo odio, porttitor id, consequat in, consequat ut, nulla."
"Morbi odio odio, elementum eu, interdum eu, tincidunt in, leo."
Pellentesque viverra pede ac diam.
Maecenas pulvinar lobortis est.
Praesent blandit.
In sagittis dui vel nisl.
Nulla tellus.
"Quisque arcu libero, rutrum ac, lobortis vel, dapibus at, diam."
Vivamus tortor.
Proin risus.
"Morbi vestibulum, velit id pretium iaculis, diam erat fermentum justo, nec condimentum neque sapien placerat ante."
Praesent id massa id nisl venenatis lacinia.
In congue.
Etiam vel augue.
"Fusce congue, diam id ornare imperdiet, sapien urna pretium nisl, ut volutpat sapien arcu sed augue."
In quis justo.
Duis bibendum.
Phasellus id sapien in sapien iaculis congue.
Aliquam erat volutpat.
Vivamus vestibulum sagittis sapien.
Duis ac nibh.
Nulla tempus.
Etiam pretium iaculis justo.
Etiam pretium iaculis justo.
"In est risus, auctor sed, tristique in, tempus sit amet, sem."
"Quisque arcu libero, rutrum ac, lobortis vel, dapibus at, diam."
Vestibulum ante ipsum primis in faucibus orci luctus et ultrices posuere cubilia Curae; Nulla dapibus dolor vel est.
Aliquam quis turpis eget elit sodales scelerisque.
Nunc nisl.
Aenean fermentum.
"Donec odio justo, sollicitudin ut, suscipit a, feugiat et, eros."
Nulla mollis molestie lorem.
"Fusce congue, diam id ornare imperdiet, sapien urna pretium nisl, ut volutpat sapien arcu sed augue."
Sed sagittis.
Donec quis orci eget orci vehicula condimentum.
Curabitur gravida nisi at nibh.
Praesent blandit lacinia erat.
"Maecenas tristique, est et tempus semper, est quam pharetra magna, ac consequat metus sapien ut nunc."
"Aliquam augue quam, sollicitudin vitae, consectetuer eget, rutrum at, lorem."
Vivamus in felis eu sapien cursus vestibulum.
"Vivamus metus arcu, adipiscing molestie, hendrerit at, vulputate vitae, nisl."
Integer ac neque.
Pellentesque ultrices mattis odio.
Sed ante.
Aenean auctor gravida sem.
Aliquam non mauris.
Donec vitae nisi.
Suspendisse potenti.
Maecenas rhoncus aliquam lacus.
"Donec diam neque, vestibulum eget, vulputate ut, ultrices vel, augue."
Nunc rhoncus dui vel sem.
Suspendisse potenti.
Aliquam non mauris.
Duis aliquam convallis nunc.
Proin interdum mauris non ligula pellentesque ultrices.
Vestibulum ac est lacinia nisi venenatis tristique.
"Integer pede justo, lacinia eget, tincidunt eget, tempus vel, pede."
Donec semper sapien a libero.
Proin eu mi.
"Donec diam neque, vestibulum eget, vulputate ut, ultrices vel, augue."
Cras in purus eu magna vulputate luctus.
Duis mattis egestas metus.
Donec ut dolor.
Vestibulum ac est lacinia nisi venenatis tristique.
Morbi non quam nec dui luctus rutrum.
"Quisque arcu libero, rutrum ac, lobortis vel, dapibus at, diam."
Curabitur at ipsum ac tellus semper interdum.
"Fusce lacus purus, aliquet at, feugiat non, pretium quis, lectus."
Maecenas pulvinar lobortis est.
"Morbi sem mauris, laoreet ut, rhoncus aliquet, pulvinar sed, nisl."
Etiam vel augue.
Nulla facilisi.
Proin at turpis a pede posuere nonummy.
Nulla nisl.
Maecenas pulvinar lobortis est.
"Mauris enim leo, rhoncus sed, vestibulum sit amet, cursus id, turpis."
Praesent lectus.
Nullam molestie nibh in lectus.
"Fusce lacus purus, aliquet at, feugiat non, pretium quis, lectus."
Praesent blandit lacinia erat.
In hac habitasse platea dictumst.
Aliquam non mauris.
Morbi a ipsum.
"Nam congue, risus semper porta volutpat, quam pede lobortis ligula, sit amet eleifend pede libero quis orci."
Sed sagittis.
Aliquam non mauris.
Aenean lectus.
Morbi porttitor lorem id ligula.
"Morbi vestibulum, velit id pretium iaculis, diam erat fermentum justo, nec condimentum neque sapien placerat ante."
"Cras mi pede, malesuada in, imperdiet et, commodo vulputate, justo."
Quisque ut erat.
In hac habitasse platea dictumst.
Pellentesque eget nunc.
Vestibulum ac est lacinia nisi venenatis tristique.
Vestibulum ac est lacinia nisi venenatis tristique.
"Vestibulum quam sapien, varius ut, blandit non, interdum in, ante."
Morbi a ipsum.
Integer ac leo.
Aenean lectus.
Nulla justo.
Etiam pretium iaculis justo.
Nulla facilisi.
Duis aliquam convallis nunc.
Quisque id justo sit amet sapien dignissim vestibulum.
"Cum sociis natoque penatibus et magnis dis parturient montes, nascetur ridiculus mus."
Duis ac nibh.
Donec ut mauris eget massa tempor convallis.
"Donec odio justo, sollicitudin ut, suscipit a, feugiat et, eros."
In quis justo.
Vestibulum rutrum rutrum neque.
Donec dapibus.
Vivamus vel nulla eget eros elementum pellentesque.
Proin interdum mauris non ligula pellentesque ultrices.
Duis at velit eu est congue elementum.
Sed sagittis.
Suspendisse ornare consequat lectus.
Integer a nibh.
"Aliquam augue quam, sollicitudin vitae, consectetuer eget, rutrum at, lorem."
Vivamus vel nulla eget eros elementum pellentesque.
Nullam molestie nibh in lectus.
Sed ante.
Donec semper sapien a libero.
Praesent id massa id nisl venenatis lacinia.
Etiam justo.
"In est risus, auctor sed, tristique in, tempus sit amet, sem."
Pellentesque ultrices mattis odio.
Donec ut mauris eget massa tempor convallis.
Etiam faucibus cursus urna.
"Quisque arcu libero, rutrum ac, lobortis vel, dapibus at, diam."
Quisque ut erat.
Nulla tellus.
Mauris sit amet eros.
Aliquam sit amet diam in magna bibendum imperdiet.
Duis ac nibh.
"Fusce lacus purus, aliquet at, feugiat non, pretium quis, lectus."
Cras pellentesque volutpat dui.
"Integer aliquet, massa id lobortis convallis, tortor risus dapibus augue, vel accumsan tellus nisi eu orci."
Aenean fermentum.
In eleifend quam a odio.
"Nulla neque libero, convallis eget, eleifend luctus, ultricies eu, nibh."
Phasellus in felis.
"Nam ultrices, libero non mattis pulvinar, nulla pede ullamcorper augue, a suscipit nulla elit ac nulla."
Nunc nisl.
"Nam ultrices, libero non mattis pulvinar, nulla pede ullamcorper augue, a suscipit nulla elit ac nulla."
"Nam ultrices, libero non mattis pulvinar, nulla pede ullamcorper augue, a suscipit nulla elit ac nulla."
Morbi non quam nec dui luctus rutrum.
"Integer aliquet, massa id lobortis convallis, tortor risus dapibus augue, vel accumsan tellus nisi eu orci."
Vivamus tortor.
Nunc rhoncus dui vel sem.
Suspendisse potenti.
"Fusce lacus purus, aliquet at, feugiat non, pretium quis, lectus."
"Quisque erat eros, viverra eget, congue eget, semper rutrum, nulla."
"Nam ultrices, libero non mattis pulvinar, nulla pede ullamcorper augue, a suscipit nulla elit ac nulla."
In hac habitasse platea dictumst.
"Lorem ipsum dolor sit amet, consectetuer adipiscing elit."
Nulla facilisi.
In hac habitasse platea dictumst.
Donec ut mauris eget massa tempor convallis.
Etiam vel augue.
"Integer pede justo, lacinia eget, tincidunt eget, tempus vel, pede."
Quisque ut erat.
Morbi vel lectus in quam fringilla rhoncus.
"Duis bibendum, felis sed interdum venenatis, turpis enim blandit mi, in porttitor pede justo eu massa."
Etiam vel augue.
"Nam congue, risus semper porta volutpat, quam pede lobortis ligula, sit amet eleifend pede libero quis orci."
Nam nulla.
Nam nulla.
Phasellus id sapien in sapien iaculis congue.
"Nullam orci pede, venenatis non, sodales sed, tincidunt eu, felis."
Pellentesque at nulla.
"Nam ultrices, libero non mattis pulvinar, nulla pede ullamcorper augue, a suscipit nulla elit ac nulla."
Vestibulum ante ipsum primis in faucibus orci luctus et ultrices posuere cubilia Curae; Duis faucibus accumsan odio.
"Cum sociis natoque penatibus et magnis dis parturient montes, nascetur ridiculus mus."
"Morbi vestibulum, velit id pretium iaculis, diam erat fermentum justo, nec condimentum neque sapien placerat ante."
"In est risus, auctor sed, tristique in, tempus sit amet, sem."
Suspendisse potenti.
Nulla justo.
In sagittis dui vel nisl.
Duis consequat dui nec nisi volutpat eleifend.
Morbi non lectus.
"Vestibulum ante ipsum primis in faucibus orci luctus et ultrices posuere cubilia Curae; Donec pharetra, magna vestibulum aliquet ultrices, erat tortor sollicitudin mi, sit amet lobortis sapien sapien non mi."
Proin risus.
Curabitur in libero ut massa volutpat convallis.
"Cras mi pede, malesuada in, imperdiet et, commodo vulputate, justo."
Pellentesque eget nunc.
In hac habitasse platea dictumst.
Aliquam erat volutpat.
Nam nulla.
"Donec odio justo, sollicitudin ut, suscipit a, feugiat et, eros."
Nunc rhoncus dui vel sem.
"Vestibulum quam sapien, varius ut, blandit non, interdum in, ante."
"Maecenas leo odio, condimentum id, luctus nec, molestie sed, justo."
Nullam varius.
Nunc purus.
Vivamus vel nulla eget eros elementum pellentesque.
"Integer aliquet, massa id lobortis convallis, tortor risus dapibus augue, vel accumsan tellus nisi eu orci."
Nulla facilisi.
Ut at dolor quis odio consequat varius.
Quisque porta volutpat erat.
Curabitur at ipsum ac tellus semper interdum.
Aliquam erat volutpat.
Morbi non lectus.
Vivamus tortor.
Vivamus in felis eu sapien cursus vestibulum.
Aenean lectus.
Nulla mollis molestie lorem.
In hac habitasse platea dictumst.
"Nam congue, risus semper porta volutpat, quam pede lobortis ligula, sit amet eleifend pede libero quis orci."
"Proin leo odio, porttitor id, consequat in, consequat ut, nulla."
Nulla suscipit ligula in lacus.
"Fusce lacus purus, aliquet at, feugiat non, pretium quis, lectus."
Aliquam non mauris.
Nunc nisl.
Maecenas pulvinar lobortis est.
Quisque ut erat.
Ut tellus.
Morbi non quam nec dui luctus rutrum.
"Lorem ipsum dolor sit amet, consectetuer adipiscing elit."
Morbi non quam nec dui luctus rutrum.
In congue.
Aenean lectus.
Nunc rhoncus dui vel sem.
Maecenas ut massa quis augue luctus tincidunt.
Praesent lectus.
"Donec odio justo, sollicitudin ut, suscipit a, feugiat et, eros."
Morbi non lectus.
Mauris ullamcorper purus sit amet nulla.
"Maecenas tristique, est et tempus semper, est quam pharetra magna, ac consequat metus sapien ut nunc."
Curabitur gravida nisi at nibh.
Praesent blandit.
Nulla tellus.
Vestibulum sed magna at nunc commodo placerat.
Cras non velit nec nisi vulputate nonummy.
Nulla tellus.
"Donec diam neque, vestibulum eget, vulputate ut, ultrices vel, augue."
Nam tristique tortor eu pede.
Cras non velit nec nisi vulputate nonummy.
"Morbi vestibulum, velit id pretium iaculis, diam erat fermentum justo, nec condimentum neque sapien placerat ante."
Nulla tempus.
Praesent lectus.
Proin risus.
Duis at velit eu est congue elementum.
Vivamus vel nulla eget eros elementum pellentesque.
Proin risus.
Morbi non lectus.
Morbi ut odio.
Aenean lectus.
Morbi porttitor lorem id ligula.
Duis mattis egestas metus.
Integer ac leo.
"Cum sociis natoque penatibus et magnis dis parturient montes, nascetur ridiculus mus."
"Morbi odio odio, elementum eu, interdum eu, tincidunt in, leo."
"Proin leo odio, porttitor id, consequat in, consequat ut, nulla."
Morbi quis tortor id nulla ultrices aliquet.
Phasellus id sapien in sapien iaculis congue.
Pellentesque viverra pede ac diam.
Nulla suscipit ligula in lacus.
Nulla ut erat id mauris vulputate elementum.
"Morbi odio odio, elementum eu, interdum eu, tincidunt in, leo."
Vestibulum ante ipsum primis in faucibus orci luctus et ultrices posuere cubilia Curae; Nulla dapibus dolor vel est.
Aliquam non mauris.
"Fusce congue, diam id ornare imperdiet, sapien urna pretium nisl, ut volutpat sapien arcu sed augue."
Phasellus in felis.
Nullam sit amet turpis elementum ligula vehicula consequat.
Etiam justo.
"Cras mi pede, malesuada in, imperdiet et, commodo vulputate, justo."
"Integer pede justo, lacinia eget, tincidunt eget, tempus vel, pede."
Donec ut mauris eget massa tempor convallis.
Sed ante.
Pellentesque viverra pede ac diam.
Duis consequat dui nec nisi volutpat eleifend.
Maecenas pulvinar lobortis est.
Vestibulum ante ipsum primis in faucibus orci luctus et ultrices posuere cubilia Curae; Nulla dapibus dolor vel est.
Nulla tempus.
Donec quis orci eget orci vehicula condimentum.
Vestibulum ante ipsum primis in faucibus orci luctus et ultrices posuere cubilia Curae; Mauris viverra diam vitae quam.
Etiam vel augue.
Nullam varius.
"Quisque erat eros, viverra eget, congue eget, semper rutrum, nulla."
Aliquam non mauris.
"Vestibulum quam sapien, varius ut, blandit non, interdum in, ante."
Quisque id justo sit amet sapien dignissim vestibulum.
Aliquam quis turpis eget elit sodales scelerisque.
In hac habitasse platea dictumst.
Integer ac neque.
"Integer aliquet, massa id lobortis convallis, tortor risus dapibus augue, vel accumsan tellus nisi eu orci."
Duis bibendum.
"Donec odio justo, sollicitudin ut, suscipit a, feugiat et, eros."
Duis at velit eu est congue elementum.
Quisque ut erat.
Donec posuere metus vitae ipsum.
"Mauris enim leo, rhoncus sed, vestibulum sit amet, cursus id, turpis."
Curabitur convallis.
Nullam sit amet turpis elementum ligula vehicula consequat.
Nulla tempus.
Pellentesque viverra pede ac diam.
Nulla tellus.
Nulla ac enim.
Vestibulum ante ipsum primis in faucibus orci luctus et ultrices posuere cubilia Curae; Mauris viverra diam vitae quam.
Praesent lectus.
Proin risus.
Aenean sit amet justo.
Proin at turpis a pede posuere nonummy.
Vivamus tortor.
Cras pellentesque volutpat dui.
Duis consequat dui nec nisi volutpat eleifend.
Vestibulum rutrum rutrum neque.
Pellentesque eget nunc.
Ut tellus.
In hac habitasse platea dictumst.
Vivamus in felis eu sapien cursus vestibulum.
"Proin leo odio, porttitor id, consequat in, consequat ut, nulla."
"Cum sociis natoque penatibus et magnis dis parturient montes, nascetur ridiculus mus."
In hac habitasse platea dictumst.
Cras pellentesque volutpat dui.
Phasellus sit amet erat.
Phasellus id sapien in sapien iaculis congue.
Nulla ac enim.
Maecenas pulvinar lobortis est.
Nullam molestie nibh in lectus.
Integer non velit.
Suspendisse potenti.
"Vivamus metus arcu, adipiscing molestie, hendrerit at, vulputate vitae, nisl."
Nulla justo.
Aenean auctor gravida sem.
"Vivamus metus arcu, adipiscing molestie, hendrerit at, vulputate vitae, nisl."
Suspendisse potenti.
Suspendisse ornare consequat lectus.
Maecenas rhoncus aliquam lacus.
Praesent blandit lacinia erat.
Nulla suscipit ligula in lacus.
Proin eu mi.
Duis ac nibh.
Aenean auctor gravida sem.
Pellentesque eget nunc.
Quisque id justo sit amet sapien dignissim vestibulum.
Integer ac leo.
Nunc nisl.
Integer a nibh.
Curabitur in libero ut massa volutpat convallis.
Mauris lacinia sapien quis libero.
Morbi quis tortor id nulla ultrices aliquet.
Maecenas tincidunt lacus at velit.
Duis at velit eu est congue elementum.
Nunc rhoncus dui vel sem.
In sagittis dui vel nisl.
Quisque porta volutpat erat.
Duis ac nibh.
Proin eu mi.
"Morbi odio odio, elementum eu, interdum eu, tincidunt in, leo."
Aenean fermentum.
Praesent id massa id nisl venenatis lacinia.
Donec dapibus.
Vestibulum rutrum rutrum neque.
Maecenas rhoncus aliquam lacus.
Integer ac neque.
In hac habitasse platea dictumst.
Nulla mollis molestie lorem.
Suspendisse potenti.
Donec dapibus.
Proin interdum mauris non ligula pellentesque ultrices.
Proin at turpis a pede posuere nonummy.
"Fusce lacus purus, aliquet at, feugiat non, pretium quis, lectus."
Nulla facilisi.
Fusce posuere felis sed lacus.
Integer tincidunt ante vel ipsum.
Nullam molestie nibh in lectus.
Sed ante.
Mauris ullamcorper purus sit amet nulla.
In hac habitasse platea dictumst.
Morbi non lectus.
Morbi a ipsum.
Donec posuere metus vitae ipsum.
"Cum sociis natoque penatibus et magnis dis parturient montes, nascetur ridiculus mus."
Pellentesque at nulla.
Vestibulum ac est lacinia nisi venenatis tristique.
Nullam porttitor lacus at turpis.
"Vivamus metus arcu, adipiscing molestie, hendrerit at, vulputate vitae, nisl."
Integer tincidunt ante vel ipsum.
Proin eu mi.
Aenean sit amet justo.
Maecenas rhoncus aliquam lacus.
Mauris lacinia sapien quis libero.
"Maecenas tristique, est et tempus semper, est quam pharetra magna, ac consequat metus sapien ut nunc."
"Nam congue, risus semper porta volutpat, quam pede lobortis ligula, sit amet eleifend pede libero quis orci."
Suspendisse potenti.
Vestibulum ante ipsum primis in faucibus orci luctus et ultrices posuere cubilia Curae; Nulla dapibus dolor vel est.
"Vestibulum quam sapien, varius ut, blandit non, interdum in, ante."
Vivamus vestibulum sagittis sapien.
Duis consequat dui nec nisi volutpat eleifend.
Fusce consequat.
Maecenas rhoncus aliquam lacus.
Ut at dolor quis odio consequat varius.
Quisque porta volutpat erat.
"Lorem ipsum dolor sit amet, consectetuer adipiscing elit."
Cras pellentesque volutpat dui.
Nunc nisl.
Mauris ullamcorper purus sit amet nulla.
"Integer pede justo, lacinia eget, tincidunt eget, tempus vel, pede."
"Lorem ipsum dolor sit amet, consectetuer adipiscing elit."
Praesent blandit lacinia erat.
Sed sagittis.
Pellentesque at nulla.
Nunc rhoncus dui vel sem.
Aenean auctor gravida sem.
Pellentesque ultrices mattis odio.
Fusce posuere felis sed lacus.
Vivamus vestibulum sagittis sapien.
In blandit ultrices enim.
Donec ut mauris eget massa tempor convallis.
Donec dapibus.
Phasellus sit amet erat.
"Quisque erat eros, viverra eget, congue eget, semper rutrum, nulla."
In hac habitasse platea dictumst.
Quisque porta volutpat erat.
Etiam vel augue.
Proin eu mi.
In hac habitasse platea dictumst.
"Fusce congue, diam id ornare imperdiet, sapien urna pretium nisl, ut volutpat sapien arcu sed augue."
Praesent lectus.
Duis mattis egestas metus.
Sed ante.
Sed sagittis.
Suspendisse accumsan tortor quis turpis.
Sed accumsan felis.
Proin eu mi.
Morbi quis tortor id nulla ultrices aliquet.
